"c_id";"c_name";"c_num";"c_unit";"c_maxnum";"c_workload";"f_id_id";"sf_id_id"
1;"จำนวนนักศึกษาต่อหนึ่งห้องเรียน น้อยกว่า 30 คน";1.0;"ชั่วโมง";0.0;2.0;1;1
2;"จำนวนนักศึกษาต่อหนึ่งห้องเรียน 30-90 คน";1.0;"ชั่วโมง";0.0;3.0;1;1
3;"จำนวนนักศึกษาต่อหนึ่งห้องเรียน มากกว่า 90 คน";1.0;"ชั่วโมง";0.0;4.0;1;1
4;"ระดับปริญญาตรี /ปวส./ปวช./อนุปริญญา (หลักสูตรนานาชาติ/English Program)";1.0;"ชั่วโมง";0.0;3.0;1;1
5;"ระดับบัณฑิตศึกษา (หลักสูตรภาษาไทย)";1.0;"ชั่วโมง";0.0;3.0;1;1
6;"ระดับบัณฑิตศึกษา (หลักสูตรนานชาติ)";1.0;"ชั่วโมง";0.0;4.0;1;1
7;"โครงการพิเศษตามยุทะศาสตร์ของมหาวิทยาลัยทุกระดับ";1.0;"ชั่วโมง";0.0;3.0;1;1
8;"ทุกระดับ/ทุกประเภท";1.0;"ชั่วโมง";0.0;2.0;1;2
9;"นิเทศและประเมินผลการฝึกงาน/สหกิจศึกษา/การฝึกสอน (ต่อครั้ง) (นับได้ไม่เกิน 4ครั้ง )";1.0;"ครั่ง";0.0;1.0;1;3
10;"ผู้ประสานงาน (ผู้รับผิดชอบรายวิชา)";1.0;"ครั่ง";0.0;3.0;1;3
11;"ปวช. (นับไม่เกิน 3 ครั้ง)";1.0;"ครั่ง";3.0;2.0;1;4
12;"ปวส. (นับไม่เกิน 3 ครั้ง)";1.0;"ครั่ง";3.0;2.0;1;4
13;"ปริญญาตรี (นับไม่เกิน 5 ครั้ง)";1.0;"ครั่ง";5.0;2.0;1;4
14;"ปริญญาโท (ให้เป็นไปตามหลักเกณฑ์มาตรฐานบัณฑิตศึกษา)";1.0;"ครั่ง";0.0;8.0;1;4
15;"ปริญญาเอก (ให้เป็นไปตามหลักเกณฑ์มาตรฐานบัณฑิตศึกษา)";1.0;"ครั่ง";0.0;12.0;1;4
16;"สอบโครงร่าง/สอบวัดคุณสมบัติ QE/(Proposal) (ปวช.)";1.0;"เรื่อง";0.0;0.4;1;5
17;"สอบโครงร่าง/สอบวัดคุณสมบัติ QE/(Proposal) (ปวส.)";1.0;"เรื่อง";0.0;0.4;1;5
18;"สอบโครงร่าง/สอบวัดคุณสมบัติ QE/(Proposal) (ปริญญาตรี)";1.0;"เรื่อง";0.0;0.4;1;5
19;"สอบโครงร่าง/สอบวัดคุณสมบัติ QE/(Proposal) (ปริญญาโท)";1.0;"เรื่อง";0.0;0.8;1;5
20;"สอบโครงร่าง/สอบวัดคุณสมบัติ QE/(Proposal) (ปริญญาเอก)";1.0;"เรื่อง";0.0;1.2;1;5
21;"สอบความรอบรู้ (Comprehensive)  (ปริญญาโท)";1.0;"เรื่อง";0.0;0.8;1;5
22;"สอบความรอบรู้ (Comprehensive)  (ปริญญาเอก)";1.0;"เรื่อง";0.0;1.2;1;5
23;"สอบป้อนกัน (Defenive) (ปวช.)";1.0;"เรื่อง";0.0;0.4;1;5
24;"สอบป้อนกัน (Defenive) (ปวส.)";1.0;"เรื่อง";0.0;0.4;1;5
25;"สอบป้อนกัน (Defenive) (ปริญญาตรี)";1.0;"เรื่อง";0.0;0.6;1;5
26;"สอบป้อนกัน (Defenive) (ปริญญาโท)";1.0;"เรื่อง";0.0;1.2;1;5
27;"สอบป้อนกัน (Defenive) (ปริญญาเอก)";1.0;"เรื่อง";0.0;1.6;1;5
28;"การทัศนศึกษา/ศึกษาดูงานที่ปรากฏในคำอธิบายรายวิชาชั่วโมง/โครงการ (คิดไม่เกิน 3 โครงการ )";1.0;"โครงการ";3.0;1.0;1;6
29;"สัดส่วนผลงานคิดได้ร้อยละ 100 (ได้รับผลการประเมินการสอน)";1.0;"";0.0;4.0;1;7
30;"สัดส่วนผลงานคิดได้ร้อยละ 75 (ขอรับการประเมินการสอน)";1.0;"";0.0;3.0;1;7
31;"สัดส่วนผลงานคิดได้ร้อยละ 50 (มีรายชื่อบทความ/หนังสืออ่านประกอบ /แผนภูมิ/ภาพเคลื่อนไหว/กรณีศึกษาและการอ้างอิงที่มา)";1.0;"";0.0;2.0;1;7
32;"สัดส่วนผลงานคิดได้ร้อยละ 25 (มีแผนการสอน หัวข้อบรรยาย (มีรายละเอียดพอสมควร)ตามคำอธิบายรายวิชา)";1.0;"";0.0;1.0;1;7
33;"สัดส่วนผลงานใหม่คิดได้ร้อยละ 100 ของผลงาน (เผยแพร่ตามเกณฑ์ ก.พ.อ.)";1.0;"";0.0;16.0;1;8
34;"สัดส่วนผลงานใหม่คิดได้ร้อยละ 75 ของผลงาน (ขอรับการประเมินคุณภาพผลงาน (Peer Review)(ภายในคณะหรือสำนักพิมพ์)";1.0;"";0.0;12.0;1;8
35;"สัดส่วนผลงานใหม่คิดได้ร้อยละ 50 ของผลงาน (มีสารบัญ เนื้อเรื่อง การวิเคราะห์ การสรุป การอ้างอิง บรรณานุกรม ดัชนีค้นคำอย่างน้อย 5 บท หรือ 80 หน้า)";1.0;"";0.0;8.0;1;8
36;"สัดส่วนผลงานใหม่คิดได้ร้อยละ 25 ของผลงาน (มีสารบัญ เนื้อเรื่อง การวิเคราะห์ การสรุป การอ้างอิง บรรณานุกรม ดัชนีค้นคำอย่างน้อย 2 บท)";1.0;"";0.0;4.0;1;8
37;"จัดทำข้อเสนอโครงการวิจัยโครงการเดี่ยว (ต่อเรื่อง)";1.0;"เรื่อง";0.0;1.0;1;9
38;"จัดทำข้อเสนอโครงการวิจัยชุดโครงการหลัก (ต่อเรื่อง)";1.0;"เรื่อง";0.0;1.0;1;9
39;"จัดทำข้อเสนอโครงการวิจัยชุดโครงการย่อย (ต่อเรื่อง)";1.0;"เรื่อง";0.0;1.0;1;9
40;"งบประมาณการวิจัยมหาวิทยาลัยงบประมาณแผ่นดินงบผลประโยชน์ งานวิจัยที่ร่วมกับหน่วยงานภายในประเทศ ไม่ใช่งบประมาณ โดยผ่านความเห็นชอบจากคณะ/วิทยาลัย หัวหน้าโครงการ";1.0;"โครงการ";0.0;3.0;1;10
41;"งบประมาณการวิจัยมหาวิทยาลัยงบประมาณแผ่นดินงบผลประโยชน์ งานวิจัยที่ร่วมกับหน่วยงานภายในประเทศ ไม่ใช่งบประมาณ โดยผ่านความเห็นชอบจากคณะ/วิทยาลัย ผู้ร่วมวิจัย/คน";1.0;"โครงการ";0.0;3.0;1;10
42;"งบประมาณการวิจัยมหาวิทยาลัยงบประมาณแผ่นดินงบผลประโยชน์ งานวิจัยที่ร่วมกับหน่วยงานต่างประเทศ ไม่ใช่งบประมาณ โดยผ่านความเห็นชอบจากคณะ/วิทยาลัย หัวหน้าโครงการ";1.0;"โครงการ";0.0;6.0;1;10
43;"งบประมาณการวิจัยมหาวิทยาลัยงบประมาณแผ่นดินงบผลประโยชน์ งานวิจัยที่ร่วมกับหน่วยงานต่างประเทศ ไม่ใช่งบประมาณ โดยผ่านความเห็นชอบจากคณะ/วิทยาลัย ผู้ร่วมวิจัย/คน";1.0;"โครงการ";0.0;6.0;1;10
44;"งบประมาณการวิจัยมหาวิทยาลัยงบประมาณแผ่นดินงบผลประโยชน์ งานวิจัยที่ร่วมกับหน่วยงานภายในประเทศ ไม่ถึง 100,000 บาท หัวหน้าโครงการ";1.0;"โครงการ";0.0;6.0;1;10
45;"งบประมาณการวิจัยมหาวิทยาลัยงบประมาณแผ่นดินงบผลประโยชน์ งานวิจัยที่ร่วมกับหน่วยงานภายในประเทศ ไม่ถึง 100,000 บาท ผู้ร่วมวิจัย/คน";1.0;"โครงการ";0.0;3.0;1;10
46;"งบประมาณการวิจัยมหาวิทยาลัยงบประมาณแผ่นดินงบผลประโยชน์ งานวิจัยที่ร่วมกับหน่วยงานต่างประเทศ ไม่ถึง 100,000 บาท หัวหน้าโครงการ";1.0;"โครงการ";0.0;12.0;1;10
47;"งบประมาณการวิจัยมหาวิทยาลัยงบประมาณแผ่นดินงบผลประโยชน์ งานวิจัยที่ร่วมกับหน่วยงานต่างประเทศ ไม่ถึง 100,000 บาท ผู้ร่วมวิจัย/คน";1.0;"โครงการ";0.0;6.0;1;10
48;"งบประมาณการวิจัยมหาวิทยาลัยงบประมาณแผ่นดินงบผลประโยชน์ งานวิจัยที่ร่วมกับหน่วยงานภายในประเทศ 100,000 - 500,000 บาท หัวหน้าโครงการ";1.0;"โครงการ";0.0;7.0;1;10
49;"งบประมาณการวิจัยมหาวิทยาลัยงบประมาณแผ่นดินงบผลประโยชน์ งานวิจัยที่ร่วมกับหน่วยงานภายในประเทศ 100,000 - 500,000 บาท ผู้ร่วมวิจัย/คน";1.0;"โครงการ";0.0;3.0;1;10
50;"งบประมาณการวิจัยมหาวิทยาลัยงบประมาณแผ่นดินงบผลประโยชน์ งานวิจัยที่ร่วมกับหน่วยงานต่างประเทศ 100,000 - 500,000 บาท หัวหน้าโครงการ";1.0;"โครงการ";0.0;14.0;1;10
51;"งบประมาณการวิจัยมหาวิทยาลัยงบประมาณแผ่นดินงบผลประโยชน์ งานวิจัยที่ร่วมกับหน่วยงานต่างประเทศ 100,000 - 500,000 บาท ผู้ร่วมวิจัย/คน";1.0;"โครงการ";0.0;6.0;1;10
52;"งบประมาณการวิจัยมหาวิทยาลัยงบประมาณแผ่นดินงบผลประโยชน์ งานวิจัยที่ร่วมกับหน่วยงานภายในประเทศ 500,000 - 1,000,000 บาท หัวหน้าโครงการ";1.0;"โครงการ";0.0;8.0;1;10
53;"งบประมาณการวิจัยมหาวิทยาลัยงบประมาณแผ่นดินงบผลประโยชน์ งานวิจัยที่ร่วมกับหน่วยงานภายในประเทศ 500,000 - 1,000,000 บาท ผู้ร่วมวิจัย/คน";1.0;"โครงการ";0.0;3.0;1;10
54;"งบประมาณการวิจัยมหาวิทยาลัยงบประมาณแผ่นดินงบผลประโยชน์ งานวิจัยที่ร่วมกับหน่วยงานต่างประเทศ 500,000 - 1,000,000 บาท หัวหน้าโครงการ";1.0;"โครงการ";0.0;18.0;1;10
55;"งบประมาณการวิจัยมหาวิทยาลัยงบประมาณแผ่นดินงบผลประโยชน์ งานวิจัยที่ร่วมกับหน่วยงานต่างประเทศ 500,000 - 1,000,000 บาท ผู้ร่วมวิจัย/คน";1.0;"โครงการ";0.0;6.0;1;10
56;"งบประมาณการวิจัยมหาวิทยาลัยงบประมาณแผ่นดินงบผลประโยชน์ งานวิจัยที่ร่วมกับหน่วยงานภายในประเทศ 1,000,000 - 3,000,000 บาท หัวหน้าโครงการ";1.0;"โครงการ";0.0;10.0;1;10
57;"งบประมาณการวิจัยมหาวิทยาลัยงบประมาณแผ่นดินงบผลประโยชน์ งานวิจัยที่ร่วมกับหน่วยงานภายในประเทศ 1,000,000 - 3,000,000 บาท ผู้ร่วมวิจัย/คน";1.0;"โครงการ";0.0;3.0;1;10
58;"งบประมาณการวิจัยมหาวิทยาลัยงบประมาณแผ่นดินงบผลประโยชน์ งานวิจัยที่ร่วมกับหน่วยงานต่างประเทศ 1,000,000 - 3,000,000 บาท หัวหน้าโครงการ";1.0;"โครงการ";0.0;20.0;1;10
59;"งบประมาณการวิจัยมหาวิทยาลัยงบประมาณแผ่นดินงบผลประโยชน์ งานวิจัยที่ร่วมกับหน่วยงานต่างประเทศ 1,000,000 - 3,000,000 บาท ผู้ร่วมวิจัย/คน";1.0;"โครงการ";0.0;6.0;1;10
60;"งบประมาณการวิจัยมหาวิทยาลัยงบประมาณแผ่นดินงบผลประโยชน์ งานวิจัยที่ร่วมกับหน่วยงานภายในประเทศ มากกว่า 3,000,000 บาท หัวหน้าโครงการ";1.0;"โครงการ";0.0;12.0;1;10
61;"งบประมาณการวิจัยมหาวิทยาลัยงบประมาณแผ่นดินงบผลประโยชน์ งานวิจัยที่ร่วมกับหน่วยงานภายในประเทศ มากกว่า 3,000,000 บาท ผู้ร่วมวิจัย/คน";1.0;"โครงการ";0.0;3.0;1;10
62;"งบประมาณการวิจัยมหาวิทยาลัยงบประมาณแผ่นดินงบผลประโยชน์ งานวิจัยที่ร่วมกับหน่วยงานต่างประเทศ มากกว่า 3,000,000 บาท หัวหน้าโครงการ";1.0;"โครงการ";0.0;24.0;1;10
63;"งบประมาณการวิจัยมหาวิทยาลัยงบประมาณแผ่นดินงบผลประโยชน์ งานวิจัยที่ร่วมกับหน่วยงานต่างประเทศ มากกว่า 3,000,000 บาท ผู้ร่วมวิจัย/คน";1.0;"โครงการ";0.0;6.0;1;10
64;"งบประมาณการวิจัยจากหน่วยงานภายนอก มหาวิทยาลัย (ระดับชาติ และนานชาติ) งานวิจัยที่ร่วมกับหน่วยงานภายในประเทศ ไม่ถึง 100,000 บาท หัวหน้าโครงการ";1.0;"โครงการ";0.0;12.0;1;10
65;"งบประมาณการวิจัยจากหน่วยงานภายนอก มหาวิทยาลัย (ระดับชาติ และนานชาติ) งานวิจัยที่ร่วมกับหน่วยงานภายในประเทศ ไม่ถึง 100,000 บาท ผู้ร่วมวิจัย/คน";1.0;"โครงการ";0.0;6.0;1;10
66;"งบประมาณการวิจัยจากหน่วยงานภายนอก มหาวิทยาลัย (ระดับชาติ และนานชาติ) งานวิจัยที่ร่วมกับหน่วยงานต่างประเทศ ไม่ถึง 100,000 บาท หัวหน้าโครงการ";1.0;"โครงการ";0.0;24.0;1;10
67;"งบประมาณการวิจัยจากหน่วยงานภายนอก มหาวิทยาลัย (ระดับชาติ และนานชาติ) งานวิจัยที่ร่วมกับหน่วยงานต่างประเทศ ไม่ถึง 100,000 บาท ผู้ร่วมวิจัย/คน";1.0;"โครงการ";0.0;12.0;1;10
68;"งบประมาณการวิจัยจากหน่วยงานภายนอก มหาวิทยาลัย (ระดับชาติ และนานชาติ) งานวิจัยที่ร่วมกับหน่วยงานภายในประเทศ 100,000 - 500,000 บาท หัวหน้าโครงการ";1.0;"โครงการ";0.0;14.0;1;10
69;"งบประมาณการวิจัยจากหน่วยงานภายนอก มหาวิทยาลัย (ระดับชาติ และนานชาติ) งานวิจัยที่ร่วมกับหน่วยงานภายในประเทศ 100,000 - 500,000 บาท ผู้ร่วมวิจัย/คน";1.0;"โครงการ";0.0;6.0;1;10
70;"งบประมาณการวิจัยจากหน่วยงานภายนอก มหาวิทยาลัย (ระดับชาติ และนานชาติ) งานวิจัยที่ร่วมกับหน่วยงานต่างประเทศ 100,000 - 500,000 บาท หัวหน้าโครงการ";1.0;"โครงการ";0.0;28.0;1;10
71;"งบประมาณการวิจัยจากหน่วยงานภายนอก มหาวิทยาลัย (ระดับชาติ และนานชาติ) งานวิจัยที่ร่วมกับหน่วยงานต่างประเทศ 100,000 - 500,000 บาท ผู้ร่วมวิจัย/คน";1.0;"โครงการ";0.0;12.0;1;10
72;"งบประมาณการวิจัยจากหน่วยงานภายนอก มหาวิทยาลัย (ระดับชาติ และนานชาติ) งานวิจัยที่ร่วมกับหน่วยงานภายในประเทศ 500,000 - 1,000,000 บาท หัวหน้าโครงการ";1.0;"โครงการ";0.0;16.0;1;10
73;"งบประมาณการวิจัยจากหน่วยงานภายนอก มหาวิทยาลัย (ระดับชาติ และนานชาติ) งานวิจัยที่ร่วมกับหน่วยงานภายในประเทศ 500,000 - 1,000,000 บาท ผู้ร่วมวิจัย/คน";1.0;"โครงการ";0.0;6.0;1;10
74;"งบประมาณการวิจัยจากหน่วยงานภายนอก มหาวิทยาลัย (ระดับชาติ และนานชาติ) งานวิจัยที่ร่วมกับหน่วยงานต่างประเทศ 500,000 - 1,000,000 บาท หัวหน้าโครงการ";1.0;"โครงการ";0.0;32.0;1;10
75;"งบประมาณการวิจัยจากหน่วยงานภายนอก มหาวิทยาลัย (ระดับชาติ และนานชาติ) งานวิจัยที่ร่วมกับหน่วยงานต่างประเทศ 500,000 - 1,000,000 บาท ผู้ร่วมวิจัย/คน";1.0;"โครงการ";0.0;12.0;1;10
76;"งบประมาณการวิจัยจากหน่วยงานภายนอก มหาวิทยาลัย (ระดับชาติ และนานชาติ) งานวิจัยที่ร่วมกับหน่วยงานภายในประเทศ 1,000,000 - 5,000,000 บาท หัวหน้าโครงการ";1.0;"โครงการ";0.0;20.0;1;10
77;"งบประมาณการวิจัยจากหน่วยงานภายนอก มหาวิทยาลัย (ระดับชาติ และนานชาติ) งานวิจัยที่ร่วมกับหน่วยงานภายในประเทศ 1,000,000 - 5,000,000 บาท ผู้ร่วมวิจัย/คน";1.0;"โครงการ";0.0;6.0;1;10
78;"งบประมาณการวิจัยจากหน่วยงานภายนอก มหาวิทยาลัย (ระดับชาติ และนานชาติ) งานวิจัยที่ร่วมกับหน่วยงานต่างประเทศ 1,000,000 - 5,000,000 บาท หัวหน้าโครงการ";1.0;"โครงการ";0.0;40.0;1;10
79;"งบประมาณการวิจัยจากหน่วยงานภายนอก มหาวิทยาลัย (ระดับชาติ และนานชาติ) งานวิจัยที่ร่วมกับหน่วยงานต่างประเทศ 1,000,000 - 5,000,000 บาท ผู้ร่วมวิจัย/คน";1.0;"โครงการ";0.0;12.0;1;10
80;"งบประมาณการวิจัยจากหน่วยงานภายนอก มหาวิทยาลัย (ระดับชาติ และนานชาติ) งานวิจัยที่ร่วมกับหน่วยงานภายในประเทศ มากกว่า 5,000,000 บาท หัวหน้าโครงการ";1.0;"โครงการ";0.0;24.0;1;10
81;"งบประมาณการวิจัยจากหน่วยงานภายนอก มหาวิทยาลัย (ระดับชาติ และนานชาติ) งานวิจัยที่ร่วมกับหน่วยงานภายในประเทศ มากกว่า 5,000,000 บาท ผู้ร่วมวิจัย/คน";1.0;"โครงการ";0.0;6.0;1;10
82;"งบประมาณการวิจัยจากหน่วยงานภายนอก มหาวิทยาลัย (ระดับชาติ และนานชาติ) งานวิจัยที่ร่วมกับหน่วยงานต่างประเทศ มากกว่า 5,000,000 บาท หัวหน้าโครงการ";1.0;"โครงการ";0.0;48.0;1;10
83;"งบประมาณการวิจัยจากหน่วยงานภายนอก มหาวิทยาลัย (ระดับชาติ และนานชาติ) งานวิจัยที่ร่วมกับหน่วยงานต่างประเทศ มากกว่า 5,000,000 บาท ผู้ร่วมวิจัย/คน";1.0;"โครงการ";0.0;12.0;1;10
84;"งบประมาณการวิจัย จากมหาวิทยาลัย งานวิจัยที่ร่วมกับหน่วยงานภายในประเทศ ไม่เกิน 3 โครงการ หัวหน้าชุดโครงการ (ภาระงาน)";1.0;"โครงการ";3.0;8.0;1;11
85;"งบประมาณการวิจัย จากมหาวิทยาลัย งานวิจัยที่ร่วมกับหน่วยงานภายในประเทศ ไม่เกิน 3 โครงการ ผู้เข้าร่วมโครงการ (ภาระงาน)";1.0;"โครงการ";3.0;2.0;1;11
86;"งบประมาณการวิจัย จากมหาวิทยาลัย งานวิจัยที่ร่วมกับหน่วยงานต่างประเทศ ไม่เกิน 3 โครงการ หัวหน้าชุดโครงการ (ภาระงาน)";1.0;"โครงการ";3.0;16.0;1;11
87;"งบประมาณการวิจัย จากมหาวิทยาลัย งานวิจัยที่ร่วมกับหน่วยงานต่างประเทศ ไม่เกิน 3 โครงการ ผู้เข้าร่วมโครงการ (ภาระงาน)";1.0;"โครงการ";3.0;4.0;1;11
88;"งบประมาณการวิจัย จากมหาวิทยาลัย งานวิจัยที่ร่วมกับหน่วยงานภายในประเทศ 4 -6 โครงการย่อย หัวหน้าชุดโครงการ (ภาระงาน)";1.0;"โครงการ";6.0;12.0;1;11
89;"งบประมาณการวิจัย จากมหาวิทยาลัย งานวิจัยที่ร่วมกับหน่วยงานภายในประเทศ 4 -6 โครงการย่อย ผู้เข้าร่วมโครงการ (ภาระงาน)";1.0;"โครงการ";6.0;2.0;1;11
90;"งบประมาณการวิจัย จากมหาวิทยาลัย งานวิจัยที่ร่วมกับหน่วยงานต่างประเทศ 4 -6 โครงการย่อย หัวหน้าชุดโครงการ (ภาระงาน)";1.0;"โครงการ";6.0;24.0;1;11
91;"งบประมาณการวิจัย จากมหาวิทยาลัย งานวิจัยที่ร่วมกับหน่วยงานต่างประเทศ 4 -6 โครงการย่อย ผู้เข้าร่วมโครงการ (ภาระงาน)";1.0;"โครงการ";6.0;4.0;1;11
92;"งบประมาณการวิจัย จากมหาวิทยาลัย งานวิจัยที่ร่วมกับหน่วยงานภายในประเทศ 7 โครงการย่อยขึ้นไป หัวหน้าชุดโครงการ (ภาระงาน)";1.0;"โครงการ";0.0;16.0;1;11
93;"งบประมาณการวิจัย จากมหาวิทยาลัย งานวิจัยที่ร่วมกับหน่วยงานภายในประเทศ 7 โครงการย่อยขึ้นไป ผู้เข้าร่วมโครงการ (ภาระงาน)";1.0;"โครงการ";0.0;2.0;1;11
94;"งบประมาณการวิจัย จากมหาวิทยาลัย งานวิจัยที่ร่วมกับหน่วยงานต่างประเทศ 7 โครงการย่อยขึ้นไป หัวหน้าชุดโครงการ (ภาระงาน)";1.0;"โครงการ";0.0;32.0;1;11
95;"งบประมาณการวิจัย จากมหาวิทยาลัย งานวิจัยที่ร่วมกับหน่วยงานต่างประเทศ 7 โครงการย่อยขึ้นไป ผู้เข้าร่วมโครงการ (ภาระงาน)";1.0;"โครงการ";0.0;4.0;1;11
96;"งบประมาณการวิจัย จากหน่วยงานนอกมหาวิทยาลัย งานวิจัยที่ร่วมกับหน่วยงานภายในประเทศ ไม่เกิน 3 โครงการย่อย หัวหน้าชุดโครงการ (ภาระงาน)";1.0;"โครงการ";3.0;16.0;1;11
97;"งบประมาณการวิจัย จากหน่วยงานนอกมหาวิทยาลัย งานวิจัยที่ร่วมกับหน่วยงานภายในประเทศ ไม่เกิน 3 โครงการย่อย ผู้เข้าร่วมโครงการ (ภาระงาน)";1.0;"โครงการ";3.0;4.0;1;11
98;"งบประมาณการวิจัย จากหน่วยงานนอกมหาวิทยาลัย งานวิจัยที่ร่วมกับหน่วยงานต่างประเทศ ไม่เกิน 3 โครงการย่อย หัวหน้าชุดโครงการ (ภาระงาน)";1.0;"โครงการ";3.0;32.0;1;11
99;"งบประมาณการวิจัย จากหน่วยงานนอกมหาวิทยาลัย งานวิจัยที่ร่วมกับหน่วยงานต่างประเทศ ไม่เกิน 3 โครงการย่อย ผู้เข้าร่วมโครงการ (ภาระงาน)";1.0;"โครงการ";3.0;8.0;1;11
100;"งบประมาณการวิจัย จากหน่วยงานนอกมหาวิทยาลัย งานวิจัยที่ร่วมกับหน่วยงานภายในประเทศ 4 -6 โครงการย่อย หัวหน้าชุดโครงการ (ภาระงาน)";1.0;"โครงการ";6.0;20.0;1;11
101;"งบประมาณการวิจัย จากหน่วยงานนอกมหาวิทยาลัย งานวิจัยที่ร่วมกับหน่วยงานภายในประเทศ 4 -6 โครงการย่อย ผู้เข้าร่วมโครงการ (ภาระงาน)";1.0;"โครงการ";6.0;4.0;1;11
102;"งบประมาณการวิจัย จากหน่วยงานนอกมหาวิทยาลัย งานวิจัยที่ร่วมกับหน่วยงานต่างประเทศ 4 -6 โครงการย่อย หัวหน้าชุดโครงการ (ภาระงาน)";1.0;"โครงการ";6.0;40.0;1;11
103;"งบประมาณการวิจัย จากหน่วยงานนอกมหาวิทยาลัย งานวิจัยที่ร่วมกับหน่วยงานต่างประเทศ 4 -6 โครงการย่อย ผู้เข้าร่วมโครงการ (ภาระงาน)";1.0;"โครงการ";6.0;8.0;1;11
104;"งบประมาณการวิจัย จากหน่วยงานนอกมหาวิทยาลัย งานวิจัยที่ร่วมกับหน่วยงานภายในประเทศ 7 โครงการย่อยขึ้นไป หัวหน้าชุดโครงการ (ภาระงาน)";1.0;"โครงการ";0.0;24.0;1;11
105;"งบประมาณการวิจัย จากหน่วยงานนอกมหาวิทยาลัย งานวิจัยที่ร่วมกับหน่วยงานภายในประเทศ 7 โครงการย่อยขึ้นไป ผู้เข้าร่วมโครงการ (ภาระงาน)";1.0;"โครงการ";0.0;4.0;1;11
106;"งบประมาณการวิจัย จากหน่วยงานนอกมหาวิทยาลัย งานวิจัยที่ร่วมกับหน่วยงานต่างประเทศ 7 โครงการย่อยขึ้นไป หัวหน้าชุดโครงการ (ภาระงาน)";1.0;"โครงการ";0.0;48.0;1;11
107;"งบประมาณการวิจัย จากหน่วยงานนอกมหาวิทยาลัย งานวิจัยที่ร่วมกับหน่วยงานต่างประเทศ 7 โครงการย่อยขึ้นไป ผู้เข้าร่วมโครงการ (ภาระงาน)";1.0;"โครงการ";0.0;8.0;1;11
108;"โครงการวิจัยร่วมที่ดำเนินงานกับหน่วยงานภายนอกระดับชาติ (หัวหน้าโครงงาน)";1.0;"โครงการ";0.0;8.0;1;12
109;"โครงการวิจัยร่วมที่ดำเนินงานกับหน่วยงานภายนอกระดับชาติ (ผู้ร่วมวิจัย)";1.0;"โครงการ";0.0;4.0;1;12
110;"โครงการวิจัยร่วมที่ดำเนินงานกับหน่วยงานระดับนานาชาติ (หัวหน้าโครงงาน)";1.0;"โครงการ";0.0;16.0;1;12
111;"โครงการวิจัยร่วมที่ดำเนินงานกับหน่วยงานระดับนานาชาติ (ผู้ร่วมวิจัย)";1.0;"โครงการ";0.0;8.0;1;12
112;"การเผยแพร่ผลงานสู่สาธารณะในลักษณะใดลักษณะหนึ่ง หรือผ่านสื่ออิเล็กทรอนิกส์ Online (หัวหน้าโครงการ/ผู้ประพันธ์)";1.0;"ต่อเรื่องต่อคน";0.0;2.0;1;13
113;"การเผยแพร่ผลงานสู่สาธารณะในลักษณะใดลักษณะหนึ่ง หรือผ่านสื่ออิเล็กทรอนิกส์ Online (ผู้ร่วมวิจัย/ผู้ร่วมประพันธ์)";1.0;"ต่อเรื่องต่อคน";0.0;1.0;1;13
114;"ส่งรายงานการวิจัยฉบับสมบูรณ์ ฉบับบทความ หัวหน้าโครงการ/ผู้ประพันธ์";1.0;"ต่อเรื่องต่อคน";0.0;2.0;1;13
115;"ส่งรายงานการวิจัยฉบับสมบูรณ์ ฉบับบทความ ผู้ร่วมวิจัย/ผู้ร่วมประพันธ์";1.0;"ต่อเรื่องต่อคน";0.0;1.0;1;13
116;"ส่งรายงานการวิจัยฉบับสมบูรณ์ เต็มรูปแบบ มีการเผยแพร่ตามเกณฑ์ ก.พ.อ. หัวหน้าโครงการ/ผู้ประพันธ์";1.0;"ต่อเรื่องต่อคน";0.0;4.0;1;13
117;"ส่งรายงานการวิจัยฉบับสมบูรณ์ เต็มรูปแบบ มีการเผยแพร่ตามเกณฑ์ ก.พ.อ. ผู้ร่วมวิจัย/ผู้ร่วมประพันธ์";1.0;"ต่อเรื่องต่อคน";0.0;2.0;1;13
118;"ส่งรายงานการวิจัยฉบับสมบูรณ์ เต็มรูปแบบ มี ISBN หัวหน้าโครงการ/ผู้ประพันธ์";1.0;"ต่อเรื่องต่อคน";0.0;6.0;1;13
119;"ส่งรายงานการวิจัยฉบับสมบูรณ์ เต็มรูปแบบ มี ISBN ผู้ร่วมวิจัย/ผู้ร่วมประพันธ์";1.0;"ต่อเรื่องต่อคน";0.0;3.0;1;13
120;"ตีพิมพ์ในวารสารทางวิชาการระดับชาติ ไม่อยู่ในฐานข้อมูล Thai Journal Citation Index (TCI) หัวหน้าโครงการ/ผู้ประพันธ์";1.0;"ต่อเรื่องต่อคน";0.0;2.0;1;13
121;"ตีพิมพ์ในวารสารทางวิชาการระดับชาติ ไม่อยู่ในฐานข้อมูล Thai Journal Citation Index (TCI) ผู้ร่วมวิจัย/ผู้ร่วมประพันธ์";1.0;"ต่อเรื่องต่อคน";0.0;1.0;1;13
122;"ตีพิมพ์ในวารสารทางวิชาการระดับชาติ อยู่ในฐานข้อมูล Thai Journal Citation Index (TCI) หัวหน้าโครงการ/ผู้ประพันธ์";1.0;"ต่อเรื่องต่อคน";0.0;8.0;1;13
123;"ตีพิมพ์ในวารสารทางวิชาการระดับชาติ อยู่ในฐานข้อมูล Thai Journal Citation Index (TCI) ผู้ร่วมวิจัย/ผู้ร่วมประพันธ์";1.0;"ต่อเรื่องต่อคน";0.0;4.0;1;13
124;"ตีพิมพ์ในวารสารทางวิชาการระดับชาติที่ไม่อยู่ในฐานข้อมูลที่เป็นที่ยอมรับในระดับนานชาติ หัวหน้าโครงการ/ผู้ประพันธ์";1.0;"ต่อเรื่องต่อคน";0.0;4.0;1;13
125;"ตีพิมพ์ในวารสารทางวิชาการระดับชาติที่ไม่อยู่ในฐานข้อมูลที่เป็นที่ยอมรับในระดับนานชาติ ผู้ร่วมวิจัย/ผู้ร่วมประพันธ์";1.0;"ต่อเรื่องต่อคน";0.0;2.0;1;13
126;"ตีพิมพ์ในวารสารทางวิชาการระดับชาติที่อยู่ในฐานข้อมูลที่เป็นที่ยอมรับในระดับนานชาติ หัวหน้าโครงการ/ผู้ประพันธ์";1.0;"ต่อเรื่องต่อคน";0.0;16.0;1;13
127;"ตีพิมพ์ในวารสารทางวิชาการระดับชาติที่อยู่ในฐานข้อมูลที่เป็นที่ยอมรับในระดับนานชาติ ผู้ร่วมวิจัย/ผู้ร่วมประพันธ์";1.0;"ต่อเรื่องต่อคน";0.0;8.0;1;13
128;"นำเสนอผลงานในที่ประชุมวิชาการระดับชาติที่มีรายงานการประชุม (Proceedings) เป็นไปตามเกณฑ์ ก.พ.อ. หัวหน้าโครงการ/ผู้ประพันธ์";1.0;"ต่อเรื่องต่อคน";0.0;4.0;1;13
129;"นำเสนอผลงานในที่ประชุมวิชาการระดับชาติที่มีรายงานการประชุม (Proceedings) เป็นไปตามเกณฑ์ ก.พ.อ. ผู้ร่วมวิจัย/ผู้ร่วมประพันธ์";1.0;"ต่อเรื่องต่อคน";0.0;2.0;1;13
130;"นำเสนอผลงานในที่ประชุมวิชาการระดับนานาชาติที่มีรายงานการประชุม (Proceedings) เป็นไปตามเกณฑ์ ก.พ.อ. หัวหน้าโครงการ/ผู้ประพันธ์";1.0;"ต่อเรื่องต่อคน";0.0;6.0;1;13
131;"นำเสนอผลงานในที่ประชุมวิชาการระดับนานาชาติที่มีรายงานการประชุม (Proceedings) เป็นไปตามเกณฑ์ ก.พ.อ. ผู้ร่วมวิจัย/ผู้ร่วมประพันธ์";1.0;"ต่อเรื่องต่อคน";0.0;3.0;1;13
132;"ผลงานวิจัย หรือสิ่งประดิษฐ์ได้รับจดอนุสิทธิบัตร หัวหน้าโครงการ/ผู้ประพันธ์";1.0;"ต่อเรื่องต่อคน";0.0;14.0;1;13
133;"ผลงานวิจัย หรือสิ่งประดิษฐ์ได้รับจดอนุสิทธิบัตร ผู้ร่วมวิจัย/ผู้ร่วมประพันธ์";1.0;"ต่อเรื่องต่อคน";0.0;7.0;1;13
134;"ผลงานวิจัย หรือสิ่งประดิษฐ์ได้รับจดสิทธิบัตร หัวหน้าโครงการ/ผู้ประพันธ์";1.0;"ต่อเรื่องต่อคน";0.0;16.0;1;13
135;"ผลงานวิจัย หรือสิ่งประดิษฐ์ได้รับจดสิทธิบัตร ผู้ร่วมวิจัย/ผู้ร่วมประพันธ์";1.0;"ต่อเรื่องต่อคน";0.0;8.0;1;13
136;"ผลงานวิจัย หรือสิ่งประดิษฐ์ได้รับจดสิทธิบัตร และนำไปใช้ประโยชน์เชิงพาณิชย์ หัวหน้าโครงการ/ผู้ประพันธ์";1.0;"ต่อเรื่องต่อคน";0.0;20.0;1;13
137;"ผลงานวิจัย หรือสิ่งประดิษฐ์ได้รับจดสิทธิบัตร และนำไปใช้ประโยชน์เชิงพาณิชย์ ผู้ร่วมวิจัย/ผู้ร่วมประพันธ์";1.0;"ต่อเรื่องต่อคน";0.0;10.0;1;13
138;"ผลงานวิจัย หรือสิ่งประดิษฐ์ที่ได้นำไปใช้ประโยชน์ต่อชุมชน (เงื่อนไข ผู้ใช้มีหนังสือรับมอบและหนังสือรับรองผลการใช้งาน จำนวนไม่น้อยกว่า 5 ราย) หัวหน้าโครงการ/ผู้ประพันธ์";1.0;"ต่อเรื่องต่อคน";0.0;10.0;1;13
139;"ผลงานวิจัย หรือสิ่งประดิษฐ์ที่ได้นำไปใช้ประโยชน์ต่อชุมชน (เงื่อนไข ผู้ใช้มีหนังสือรับมอบและหนังสือรับรองผลการใช้งาน จำนวนไม่น้อยกว่า 5 ราย) ผู้ร่วมวิจัย/ผู้ร่วมประพันธ์";1.0;"ต่อเรื่องต่อคน";0.0;5.0;1;13
140;"ได้รับรางวัลผลงานวิจัย/สิ่งประดิษฐ์ระดับชาติ หัวหน้าโครงการ/ผู้ประพันธ์";1.0;"ต่อเรื่องต่อคน";0.0;10.0;1;13
141;"ได้รับรางวัลผลงานวิจัย/สิ่งประดิษฐ์ระดับชาติ ผู้ร่วมวิจัย/ผู้ร่วมประพันธ์";1.0;"ต่อเรื่องต่อคน";0.0;5.0;1;13
142;"ได้รับรางวัลผลงานวิจัย/สิ่งประดิษฐ์ระดับนานาชาติ หัวหน้าโครงการ/ผู้ประพันธ์";1.0;"ต่อเรื่องต่อคน";0.0;16.0;1;13
143;"ได้รับรางวัลผลงานวิจัย/สิ่งประดิษฐ์ระดับนานาชาติ ผู้ร่วมวิจัย/ผู้ร่วมประพันธ์";1.0;"ต่อเรื่องต่อคน";0.0;8.0;1;13
144;"ได้รับรางวัลผลงานวิจัย/สิ่งประดิษฐ์ ดีเด่นระดับชาติ หัวหน้าโครงการ/ผู้ประพันธ์";1.0;"ต่อเรื่องต่อคน";0.0;20.0;1;13
145;"ได้รับรางวัลผลงานวิจัย/สิ่งประดิษฐ์ ดีเด่นระดับชาติ ผู้ร่วมวิจัย/ผู้ร่วมประพันธ์";1.0;"ต่อเรื่องต่อคน";0.0;10.0;1;13
146;"ได้รับรางวัลผลงานวิจัย/สิ่งประดิษฐ์ดีเด่นระดับนานาชาติ หัวหน้าโครงการ/ผู้ประพันธ์";1.0;"ต่อเรื่องต่อคน";0.0;24.0;1;13
147;"ได้รับรางวัลผลงานวิจัย/สิ่งประดิษฐ์ดีเด่นระดับนานาชาติ ผู้ร่วมวิจัย/ผู้ร่วมประพันธ์";1.0;"ต่อเรื่องต่อคน";0.0;12.0;1;13
148;"งานสร้างสรรค์ที่มีการเผยแพร่สู่สาธารณะในลักษณะใดลักษณะหนึ่ง หรือผ่านสื่ออิเล็กทรอนิกส์ Online หัวหน้าโครงการ/ผู้ประพันธ์";1.0;"ต่อเรื่องต่อคน";0.0;6.0;1;13
149;"งานสร้างสรรค์ที่มีการเผยแพร่สู่สาธารณะในลักษณะใดลักษณะหนึ่ง หรือผ่านสื่ออิเล็กทรอนิกส์ Online ผู้ร่วมวิจัย/ผู้ร่วมประพันธ์";1.0;"ต่อเรื่องต่อคน";0.0;3.0;1;13
150;"งานสร้างสรรค์ที่ได้รับการเผยแพร่ในระดับสถาบัน หัวหน้าโครงการ/ผู้ประพันธ์";1.0;"ต่อเรื่องต่อคน";0.0;8.0;1;13
151;"งานสร้างสรรค์ที่ได้รับการเผยแพร่ในระดับสถาบัน ผู้ร่วมวิจัย/ผู้ร่วมประพันธ์";1.0;"ต่อเรื่องต่อคน";0.0;4.0;1;13
152;"งานสร้างสรรค์ที่ได้รับการเผยแพร่ในระดับชาติ หัวหน้าโครงการ/ผู้ประพันธ์";1.0;"ต่อเรื่องต่อคน";0.0;6.0;1;13
153;"งานสร้างสรรค์ที่ได้รับการเผยแพร่ในระดับชาติ ผู้ร่วมวิจัย/ผู้ร่วมประพันธ์";1.0;"ต่อเรื่องต่อคน";0.0;3.0;1;13
154;"งานสร้างสรรค์ที่ได้รับการเผยแพร่ในระดับความร่วมมือระหว่างประเทศ หัวหน้าโครงการ/ผู้ประพันธ์";1.0;"ต่อเรื่องต่อคน";0.0;8.0;1;13
155;"งานสร้างสรรค์ที่ได้รับการเผยแพร่ในระดับความร่วมมือระหว่างประเทศ ผู้ร่วมวิจัย/ผู้ร่วมประพันธ์";1.0;"ต่อเรื่องต่อคน";0.0;4.0;1;13
156;"งานสร้างสรรค์ที่ได้รับการเผยแพร่ในระดับภูมิภาคอาเซียน/นานาชาติ หัวหน้าโครงการ/ผู้ประพันธ์";1.0;"ต่อเรื่องต่อคน";0.0;16.0;1;13
157;"งานสร้างสรรค์ที่ได้รับการเผยแพร่ในระดับภูมิภาคอาเซียน/นานาชาติ ผู้ร่วมวิจัย/ผู้ร่วมประพันธ์";1.0;"ต่อเรื่องต่อคน";0.0;8.0;1;13
158;"เป็นอาจารย์พิเศษที่ไม่มีค่าตอบแทน";1.0;"ครั่ง";0.0;5.0;1;14
159;"เป็นอาจารย์พิเศษที่มีค่าตอบแทน";1.0;"ครั่ง";0.0;1.0;1;14
160;"เป็นวิทยากรบรรยายพิเศษ หน่วยงานภายใน";1.0;"ครั่ง";0.0;2.0;1;14
161;"ระดับท้องถิ่น (ตำบล อำเภอ จังหวัด)";1.0;"ครั่ง";0.0;3.0;1;14
162;"ระดับภูมิภาค";1.0;"ครั่ง";0.0;6.0;1;14
163;"ระดับชาติ";1.0;"ครั่ง";0.0;9.0;1;14
164;"ระดับนานาชาติ";1.0;"ครั่ง";0.0;12.0;1;14
165;"การจัดประชุม สัมมนาฝึกอบรมและจัดนิทรรศการ 1 วัน";1.0;"ครั่ง";0.0;9.0;1;15
166;"การจัดประชุม สัมมนาฝึกอบรมและจัดนิทรรศการ 2 วัน";1.0;"ครั่ง";0.0;18.0;1;15
167;"การจัดประชุม สัมมนาฝึกอบรมและจัดนิทรรศการ ตั้งแต่ 3 วัน ขึ้นไป";1.0;"ครั่ง";0.0;27.0;1;15
168;"การเข้าร่วมประชุม สัมมนาฝึกอบรมและจัดนิทรรศการ 1-3 วัน";1.0;"ครั่ง";0.0;1.0;1;16
169;"การเข้าร่วมประชุม สัมมนาฝึกอบรมและจัดนิทรรศการ 4-7 วัน";1.0;"ครั่ง";0.0;1.5;1;16
170;"การเข้าร่วมประชุม สัมมนาฝึกอบรมและจัดนิทรรศการ 7 วันขึ้นไป";1.0;"ครั่ง";0.0;2.0;1;16
171;"ประธานที่ปรึกษาโครงการวิจัย/วิทยานิพนธ์ ที่ไม่มีค่าตอบแทน (ต่อเรื่อง)";1.0;"เรื่อง";0.0;4.0;1;17
172;"กรรมการที่ปรึกษาโครงงานวิจัย/วิทยานิพนธ์ ที่ไม่มีค่าตอบแทน (ต่อเรื่อง)";1.0;"เรื่อง";0.0;2.0;1;17
173;"ประธานที่ปรึกษาโครงการวิจัย/เมธีวิจัย ที่มีค่าตอบแทน (ต่อโครงงาน)";1.0;"โครงงาน";0.0;2.0;1;17
174;"กรรมการที่ปรึกษาโครงงานวิจัย/เมธีวิจัย ที่มีค่าตอบแทน (ต่อโครงงาน)";1.0;"โครงงาน";0.0;1.0;1;17
175;"ที่ปรึกษาผลงานทางวิชาการ ประเภทวิชาชีพเฉพาะหรือเชี่ยวชาญเฉพาะ คศ.3,คศ.4,ผศ,รศ.และศ.(ต่อคน)";1.0;"คน";0.0;2.0;1;17
176;"กรรมการพิจารณาผลงานทางวิชาการประเภทวิชาชีพเฉพาะหรือเชี่ยวชาญเฉพาะ คศ.3,คศ.4,ผศ,รศ.และศ.(ต่อคน)";1.0;"คน";0.0;4.0;1;17
177;"พิจารณาบทความทางวิชาการ (Peer Review) หรืออ่านตำรา/หนังสือ ภายใน และนอกมหาวิทยาลัยภาคภาษาไทย (ต่อเรื่อง)";1.0;"เรื่อง";0.0;2.0;1;17
178;"พิจารณาบทความทางวิชาการ (Peer Review) หรืออ่านตำรา/หนังสือ ภายใน และนอกมหาวิทยาลัยภาคภาษาต่างประเทศ (ต่อเรื่อง)";1.0;"เรื่อง";0.0;4.0;1;17
179;"พิจารณารายงานการวิจัยฉบับสมบูรณ์ (ต่อเรื่อง)";1.0;"เรื่อง";0.0;1.0;1;17
180;"พิจารณาข้อเสนอโครงการวิจัย (ต่อเรื่อง)";1.0;"เรื่อง";0.0;0.5;1;17
181;"เป็นกองบรรณาธิการวารสารทางวิชาการ";1.0;"";0.0;0.5;1;17
182;"เป็นบรรณาธิการวารสารทางวิชาการ";1.0;"";0.0;4.0;1;17
183;"แปลเอกสารทางวิชาการเป็นภาษาต่างประเทศ (ต่อบทคัดย่อ)";1.0;"ต่อบทคัดย่อ";0.0;0.2;1;17
184;"แปลเอกสารทางวิชาการเป็นภาษาต่างประเทศ (ต่อบทความ)";1.0;"ต่อบทความ";0.0;1.0;1;17
185;"ที่ปรึกษาหน่วยงานภาครัฐภายนอกมหาวิทยาลัย";1.0;"";0.0;4.0;1;17
186;"คณะกรรมการดำเนินงานของหน่วยงานภาครัฐภายใน/ภายนอกมหาวิทยาลัย";1.0;"";0.0;2.0;1;17
187;"เป็นคณะกรรมการกลั่นกรองผลงานวิชาการเบื้องต้น (ต่อเรื่องต่อคน)";1.0;"ต่อเรื่องต่อคน";0.0;0.5;1;17
188;"บริการทางวิชาการให้คำปรึกษา วิเคราะห์ ตรวจสอบงานแก่ชุมชน ฯลฯ (ต่อเรื่องต่อคน)";1.0;"ต่อเรื่องต่อคน";0.0;2.0;1;17
189;"กรรมการประเมินผลการสอนเพื่อขอตำแหน่งทางวิชาการ";1.0;"";0.0;1.0;1;17
190;"รายได้ไม่ถึง 10,000 บาท หัวหน้าโครงงาน";1.0;"โครงงาน";0.0;6.0;1;18
191;"รายได้ไม่ถึง 10,000 บาท ผู้ร่วมโครงงาน/คน";1.0;"โครงงาน";0.0;3.0;1;18
192;"รายได้ 10,000 บาทขึ้นไปแต่ไม่ถึง 50,000 บาท หัวหน้าโครงงาน";1.0;"โครงงาน";0.0;10.0;1;18
193;"รายได้ 10,000 บาทขึ้นไปแต่ไม่ถึง 50,000 บาท ผู้ร่วมโครงงาน/คน";1.0;"โครงงาน";0.0;3.0;1;18
194;"รายได้ 50,000 บาทขึ้นไปแต่ไม่ถึง 100,000 บาท หัวหน้าโครงงาน";1.0;"โครงงาน";0.0;12.0;1;18
195;"รายได้ 50,000 บาทขึ้นไปแต่ไม่ถึง 100,000 บาท ผู้ร่วมโครงงาน/คน";1.0;"โครงงาน";0.0;6.0;1;18
196;"รายได้ 100,000 บาทขึ้นไปแต่ไม่ถึง 500,000 บาท หัวหน้าโครงงาน";1.0;"โครงงาน";0.0;14.0;1;18
197;"รายได้ 100,000 บาทขึ้นไปแต่ไม่ถึง 500,000 บาท ผู้ร่วมโครงงาน/คน";1.0;"โครงงาน";0.0;6.0;1;18
198;"รายได้ 500,000 บาทขึ้นไปแต่ไม่ถึง 1,000,000 บาท หัวหน้าโครงงาน";1.0;"โครงงาน";0.0;16.0;1;18
199;"รายได้ 500,000 บาทขึ้นไปแต่ไม่ถึง 1,000,000 บาท ผู้ร่วมโครงงาน/คน";1.0;"โครงงาน";0.0;6.0;1;18
200;"รายได้ 1,000,000 บาทขึ้นไปแต่ไม่ถึง 3,000,000 บาท หัวหน้าโครงงาน";1.0;"โครงงาน";0.0;20.0;1;18
201;"รายได้ 1,000,000 บาทขึ้นไปแต่ไม่ถึง 3,000,000 บาท ผู้ร่วมโครงงาน/คน";1.0;"โครงงาน";0.0;6.0;1;18
202;"รายได้ตั้งแต่ 3,000,000 บาทขึ้นไป หัวหน้าโครงงาน";1.0;"โครงงาน";0.0;24.0;1;18
203;"รายได้ตั้งแต่ 3,000,000 บาทขึ้นไป ผู้ร่วมโครงงาน/คน";1.0;"โครงงาน";0.0;6.0;1;18
204;"โครงการที่ใช้เวลา 1 วัน";1.0;"โครงการ";0.0;14.0;1;19
205;"โครงการที่ใช้เวลา 2 วัน";1.0;"โครงการ";0.0;28.0;1;19
206;"โครงการที่ใช้เวลา 3 วัน";1.0;"โครงการ";0.0;42.0;1;19
207;"โครงการที่ใช้เวลามากกว่า 3 วัน";1.0;"ต่อวัน";0.0;14.0;1;19
208;"เข้าร่วมโครงการต่อ 1 ครั้ง";1.0;"โครงการ";0.0;0.5;1;20
209;"อาจารย์ที่ปรึกษาชั้นเรียนต่อกลุ่ม";1.0;"กลุ่ม";0.0;2.0;1;21
210;"อาจารย์ที่ปรึกษาชมรมกิจกรรม ต่อ 2 ชมรม";1.0;"ต่อ 2 ชมรม";0.0;1.0;1;21
211;"อาจารย์แนะนำต่อคำสั่ง";1.0;"ต่อคำสั่ง";0.0;1.0;1;21
212;"อาจารย์ผู้ฝึกสอนนักกีฬาต่อคำสั่งระดับเขตพื้นที่หรือเทียบเท่า";1.0;"ต่อคำสั่ง";0.0;1.0;1;21
213;"อาจารย์ที่พัฒนาวินัยนักศึกษาต่อภาคการศึกษา";1.0;"ต่อภาคการศึกษา";0.0;1.0;1;21
214;"คณะกรรมการจัดการเรียนการสอนสหกิจศึกษา";1.0;"";0.0;1.0;1;21
215;"กรรมการจัดตารางสอน/ตารางสอน";1.0;"";0.0;1.0;1;21
216;"อาจารย์ผู้ปฏิบัติหน้าที่กรรมการสหกิจศึกษา";1.0;"";0.0;1.0;1;21
217;"อาจารย์ที่ปรึกษา/อาจารย์ผู้สอน/อาจารย์ผู้ควบคุมกิจกรรมพิเศษที่นักศึกษาเข้าร่วมการแข่งขันไม่น้อยกว่าระดับมหาวิทยาลัย";1.0;"ครั่ง";0.0;3.0;1;21
218;"หัวหน้างานฟาร์ม";1.0;"";0.0;6.0;1;21
219;"อื่น ๆ ที่มีลักษณะงานเทียบเท่า";1.0;"";0.0;1.0;1;21
220;"อธิการบดี";1.0;"";0.0;35.0;1;22
221;"รองอธิการบดี/คณบดี/ผู้อำนวยการสำนัก/สถาบัน/วิทยาลัยหรือเทียบเท่า";1.0;"";0.0;30.0;1;22
222;"ผู้ช่วยอธิการบดี/รองคณบดี/รองผู้อำนวยการสำนัก/สถาบัน/วิทยาลัย/ผู้อำนวยการกองหรือเทียบเท่า/ผู้อำนวยการสำนักงานอธิการบดี";1.0;"";0.0;24.0;1;22
223;"ผู้ช่วยคณบดี/รองผู้อำนวยการกอง/หัวหน้าสำนักงาน/หัวหน้าศูนย์/หัวหน้าสาขาหรือเทียบเท่า";1.0;"";0.0;20.0;1;22
224;"หัวหน้าหลักสูตร/หัวหน้ากลุ่มวิชา/หัวหน้าแผนกงานหรือเทียบเท่า";1.0;"";0.0;16.0;1;22
225;"ผู้รับผิดชอบหลักสูตร/ผู้ช่วยหัวหน้าแผนกงาน/ผู้ช่วยหัวหน้ากลุ่มวิชา";1.0;"";0.0;8.0;1;22
226;"ประธานสภาคณาจารย์ฯ";1.0;"";0.0;18.0;1;23
227;"รองประธานสภาคณาจารย์ฯ/เลขานุการสภามหาวิทยาลัย/เลขานุการสภาวิชาการ/เลขาการสภาคณาจารย์";1.0;"";0.0;16.0;1;23
228;"กรรมการสภามหาวิทยาลัย/กรรมการสภาวิชาการ/กรรมการสภาคณาจารย์";1.0;"";0.0;12.0;1;23
229;"กรรมการฝ่ายต่าง ๆ ที่แต่งตั้งโดยสภามหาวิทยาลัย";1.0;"";0.0;10.0;1;23
